20171019,700,157.2,157.37,157.05,157.2,7894,1,0,0
20171019,701,157.2,157.3,157.2,157.2,9465,1,0,0
20171019,702,157.2,157.26,157.11,157.26,2530,1,0,0
20171019,703,157.2,157.2,157.13,157.19,273,1,0,0
20171019,705,157.14,157.19,157.14,157.19,290,1,0,0
20171019,706,157.14,157.2,157.14,157.2,525,1,0,0
20171019,707,157.27,157.27,157.27,157.27,250,1,0,0
20171019,708,157.27,157.35,157.21,157.3,3210,1,0,0
20171019,709,157.3,157.35,157.21,157.21,3731,1,0,0
20171019,710,157.21,157.21,157.11,157.11,5563,1,0,0
20171019,711,157.1,157.15,157.06,157.15,3000,1,0,0
20171019,712,157.16,157.25,157.15,157.25,330,1,0,0
20171019,713,157.2,157.2,157.15,157.15,1512,1,0,0
20171019,714,157.17,157.17,157.17,157.17,200,1,0,0
20171019,715,157.25,157.25,157.2,157.2,55,1,0,0
20171019,716,157.2,157.3,157.17,157.25,350,1,0,0
20171019,717,157.25,157.25,157.08,157.08,5322,1,0,0
20171019,719,157.08,157.08,157.08,157.08,550,1,0,0
20171019,720,157.15,157.23,157.15,157.23,395,1,0,0
20171019,721,157.23,157.28,157.15,157.28,910,1,0,0
20171019,722,157.28,157.5,157.28,157.5,3633,1,0,0
20171019,723,157.5,157.6,157.5,157.57,6846,1,0,0
20171019,724,157.57,157.61,157.41,157.41,3867,1,0,0
20171019,725,157.38,157.38,157.38,157.38,410,1,0,0
20171019,726,157.45,157.49,157.45,157.49,50,1,0,0
20171019,727,157.45,157.5,157.41,157.5,5900,1,0,0
20171019,728,157.53,157.59,157.5,157.5,2569,1,0,0
20171019,729,157.53,157.53,157.49,157.49,3183,1,0,0
20171019,730,157.49,157.49,157.49,157.49,150,1,0,0
20171019,731,157.49,157.49,157.49,157.49,543,1,0,0
20171019,732,157.5,157.69,157.5,157.6,2263,1,0,0
20171019,733,157.61,157.7,157.6,157.6,1628,1,0,0
20171019,734,157.6,157.6,157.5,157.5,11256,1,0,0
20171019,735,157.6,157.6,157.55,157.55,2176,1,0,0
20171019,736,157.54,157.55,157.5,157.52,5420,1,0,0
20171019,737,157.65,157.69,157.6,157.6,3555,1,0,0
20171019,738,157.65,157.65,157.6,157.6,1600,1,0,0
20171019,739,157.56,157.77,157.56,157.6,2401,1,0,0
20171019,742,157.68,157.7,157.61,157.61,6350,1,0,0
20171019,743,157.6,157.64,157.55,157.61,4406,1,0,0
20171019,744,157.65,157.65,157.65,157.65,600,1,0,0
20171019,745,157.65,157.65,157.65,157.65,145,1,0,0
20171019,746,157.6,157.6,157.6,157.6,375,1,0,0
20171019,747,157.6,157.66,157.48,157.48,6441,1,0,0
20171019,748,157.49,157.59,157.45,157.59,15080,1,0,0
20171019,749,157.6,157.64,157.5,157.5,16938,1,0,0
20171019,750,157.45,157.5,157.45,157.5,1680,1,0,0
20171019,751,157.42,157.42,157.4,157.4,2120,1,0,0
20171019,752,157.4,157.4,157.34,157.34,1612,1,0,0
20171019,753,157.34,157.34,157.25,157.25,4233,1,0,0
20171019,754,157.26,157.31,157.2,157.2,9817,1,0,0
20171019,755,157.38,157.38,157.22,157.22,65,1,0,0
20171019,756,157.35,157.35,157.35,157.35,150,1,0,0
20171019,757,157.39,157.49,157.36,157.4,1071,1,0,0
20171019,758,157.46,157.47,157.39,157.4,3379,1,0,0
20171019,759,157.4,157.48,157.4,157.48,619,1,0,0
20171019,800,157.48,157.7,157.01,157.3,32564,1,0,0
20171019,801,157.38,157.38,157.31,157.31,950,1,0,0
20171019,802,157.38,157.46,157.32,157.46,4885,1,0,0
20171019,803,157.4,157.45,157.4,157.45,573,1,0,0
20171019,804,157.45,157.45,157.35,157.41,793,1,0,0
20171019,805,157.45,157.45,157.35,157.35,1676,1,0,0
20171019,806,157.35,157.45,157.31,157.45,2465,1,0,0
20171019,807,157.35,157.4,157.33,157.4,2778,1,0,0
20171019,808,157.4,157.4,157.4,157.4,100,1,0,0
20171019,809,157.4,157.43,157.35,157.35,925,1,0,0
20171019,810,157.38,157.38,157.35,157.35,6070,1,0,0
20171019,811,157.4,157.4,157.35,157.4,1253,1,0,0
20171019,812,157.31,157.4,157.31,157.32,5673,1,0,0
20171019,813,157.32,157.32,157.2,157.2,12673,1,0,0
20171019,814,157.2,157.21,157.03,157.07,13556,1,0,0
20171019,815,157.07,157.1,156.85,157.05,18122,1,0,0
20171019,816,157,157.05,156.95,156.95,11116,1,0,0
20171019,817,156.95,157.01,156.91,156.95,8603,1,0,0
20171019,818,157,157.03,157,157.03,1567,1,0,0
20171019,819,157,157.02,156.96,157,2969,1,0,0
20171019,820,157,157.03,156.98,157.03,5078,1,0,0
20171019,821,157.03,157.1,157.03,157.1,1163,1,0,0
20171019,822,157.09,157.14,157.03,157.14,1420,1,0,0
20171019,823,157.03,157.12,157.03,157.03,771,1,0,0
20171019,824,157.03,157.08,157.03,157.04,2800,1,0,0
20171019,825,157.04,157.08,157.04,157.08,354,1,0,0
20171019,826,157.08,157.2,157.08,157.2,3012,1,0,0
20171019,827,157.2,157.22,156.95,156.95,12967,1,0,0
20171019,828,156.99,157,156.92,156.95,7322,1,0,0
20171019,829,156.96,157,156.92,157,2388,1,0,0
20171019,830,157.01,157.18,157,157.03,14552,1,0,0
20171019,831,157.17,157.18,157.05,157.05,1869,1,0,0
20171019,832,157.06,157.11,157.06,157.1,595,1,0,0
20171019,833,157.1,157.17,157.08,157.1,7426,1,0,0
20171019,834,157.08,157.08,157,157.01,7509,1,0,0
20171019,835,157.01,157.04,157,157.04,1176,1,0,0
20171019,836,157.01,157.1,157,157.1,524,1,0,0
20171019,837,157.1,157.14,157.1,157.1,1517,1,0,0
20171019,838,157.1,157.1,157.04,157.1,1728,1,0,0
20171019,839,157.05,157.06,157.01,157.01,2284,1,0,0
20171019,840,157.06,157.06,157.02,157.02,134,1,0,0
20171019,841,157.06,157.06,157.06,157.06,4981,1,0,0
20171019,842,157.05,157.08,157.02,157.02,341,1,0,0
20171019,843,157.02,157.02,156.93,156.94,5679,1,0,0
20171019,844,156.95,157.09,156.94,157.09,1802,1,0,0
20171019,845,157.08,157.09,157,157.09,363,1,0,0
20171019,846,157.07,157.15,157.07,157.15,2567,1,0,0
20171019,847,157.14,157.14,157.1,157.1,3723,1,0,0
20171019,848,157.14,157.14,157.1,157.1,708,1,0,0
20171019,849,157.1,157.15,157.1,157.15,12903,1,0,0
20171019,850,157.15,157.2,157.15,157.2,4019,1,0,0
20171019,851,157.22,157.26,157.22,157.26,4846,1,0,0
20171019,852,157.26,157.29,157.1,157.1,4912,1,0,0
20171019,853,157.18,157.18,157.17,157.17,250,1,0,0
20171019,854,157.19,157.23,157.11,157.11,800,1,0,0
20171019,855,157.2,157.21,157.16,157.16,788,1,0,0
20171019,856,157.19,157.22,157.19,157.19,211,1,0,0
20171019,857,157.19,157.29,157.19,157.29,6556,1,0,0
20171019,858,157.21,157.25,157.19,157.2,1338,1,0,0
20171019,859,157.2,157.2,157.13,157.13,3020,1,0,0
20171019,900,157.13,157.13,157.11,157.13,1700,1,0,0
20171019,901,157.11,157.13,157.09,157.09,3267,1,0,0
20171019,902,157.1,157.17,157.07,157.14,339,1,0,0
20171019,903,157.18,157.24,157.17,157.24,720,1,0,0
20171019,904,157.2,157.29,157.18,157.29,4192,1,0,0
20171019,905,157.2,157.27,157.2,157.27,1806,1,0,0
20171019,906,157.27,157.27,157.2,157.2,3569,1,0,0
20171019,907,157.23,157.23,157.07,157.07,8237,1,0,0
20171019,908,157.07,157.1,157.01,157.03,5192,1,0,0
20171019,909,157.04,157.16,157.02,157.04,3568,1,0,0
20171019,910,157.02,157.15,157,157.1,9989,1,0,0
20171019,911,157.1,157.1,156.98,157,10643,1,0,0
20171019,912,157,157.09,156.98,157.03,4483,1,0,0
20171019,913,157,157.15,156.98,157.08,1883,1,0,0
20171019,914,157.08,157.08,157.05,157.05,7498,1,0,0
20171019,915,157.07,157.08,157.03,157.08,4479,1,0,0
20171019,916,157.08,157.08,157.07,157.08,11636,1,0,0
20171019,917,157.08,157.08,157.07,157.07,4022,1,0,0
20171019,918,157.08,157.08,157.07,157.08,3391,1,0,0
20171019,919,157.07,157.08,157.07,157.07,2221,1,0,0
20171019,920,157.07,157.08,157,157,2099,1,0,0
20171019,921,157,157.05,156.98,156.98,4552,1,0,0
20171019,922,156.99,157.05,156.96,157.05,9250,1,0,0
20171019,923,157.02,157.04,156.96,157,927,1,0,0
20171019,924,157,157.05,156.95,157,1214,1,0,0
20171019,925,157,157.03,156.92,156.92,2714,1,0,0
20171019,926,156.92,157,156.88,156.91,9122,1,0,0
20171019,927,156.9,156.97,156.9,156.9,2447,1,0,0
20171019,928,156.9,156.9,156.65,156.7,19019,1,0,0
20171019,929,156.65,156.8,156.65,156.65,10408,1,0,0
20171019,930,156.75,156.78,155.82,156.38,1.94773e+06,1,0,0
20171019,931,156.39,156.95,156.38,156.871,428559,1,0,0
20171019,932,156.851,157.08,156.75,156.97,387989,1,0,0
20171019,933,156.97,156.98,156.67,156.83,253944,1,0,0
20171019,934,156.83,156.92,156.53,156.636,410598,1,0,0
20171019,935,156.63,156.65,156.44,156.5,319023,1,0,0
20171019,936,156.493,156.64,156.34,156.56,362426,1,0,0
20171019,937,156.55,156.59,156.38,156.39,221579,1,0,0
20171019,938,156.39,156.395,156.03,156.242,280271,1,0,0
20171019,939,156.25,156.4,156.19,156.354,199067,1,0,0
20171019,940,156.359,156.41,156.16,156.22,155525,1,0,0
20171019,941,156.21,156.25,156.02,156.13,179008,1,0,0
20171019,942,156.13,156.23,155.96,156.026,236525,1,0,0
20171019,943,156.03,156.144,155.87,155.895,241719,1,0,0
20171019,944,155.89,156.47,155.89,156.402,190577,1,0,0
20171019,945,156.39,156.4,156.083,156.26,187918,1,0,0
20171019,946,156.24,156.48,156.2,156.37,236406,1,0,0
20171019,947,156.36,156.42,156.27,156.299,158145,1,0,0
20171019,948,156.29,156.291,155.98,156.04,170387,1,0,0
20171019,949,156.039,156.22,155.96,156.16,188987,1,0,0
20171019,950,156.169,156.17,155.82,156.03,325700,1,0,0
20171019,951,156.04,156.05,155.86,155.959,184904,1,0,0
20171019,952,155.96,155.97,155.65,155.71,333813,1,0,0
20171019,953,155.701,155.86,155.67,155.86,253497,1,0,0
20171019,954,155.87,156.02,155.85,155.88,181622,1,0,0
20171019,955,155.88,156.04,155.87,156.02,118511,1,0,0
20171019,956,156.03,156.04,155.75,155.811,122240,1,0,0
20171019,957,155.811,155.86,155.73,155.786,96836,1,0,0
20171019,958,155.78,155.839,155.67,155.76,199005,1,0,0
20171019,959,155.769,155.97,155.75,155.93,118439,1,0,0
20171019,1000,155.92,155.95,155.83,155.92,97305,1,0,0
20171019,1001,155.91,155.93,155.72,155.73,139714,1,0,0
20171019,1002,155.75,155.789,155.55,155.569,172297,1,0,0
20171019,1003,155.563,155.7,155.56,155.68,128374,1,0,0
20171019,1004,155.672,155.74,155.56,155.72,163067,1,0,0
20171019,1005,155.719,155.73,155.51,155.515,146352,1,0,0
20171019,1006,155.52,155.63,155.45,155.46,247655,1,0,0
20171019,1007,155.455,155.48,155.38,155.409,216382,1,0,0
20171019,1008,155.42,155.44,155.36,155.38,161450,1,0,0
20171019,1009,155.38,155.48,155.31,155.46,234065,1,0,0
20171019,1010,155.45,155.53,155.27,155.27,168384,1,0,0
20171019,1011,155.26,155.43,155.26,155.33,142461,1,0,0
20171019,1012,155.34,155.49,155.32,155.48,89158,1,0,0
20171019,1013,155.488,155.72,155.43,155.72,205850,1,0,0
20171019,1014,155.715,155.85,155.442,155.7,240790,1,0,0
20171019,1015,155.7,155.81,155.69,155.746,110659,1,0,0
20171019,1016,155.745,155.865,155.73,155.859,105010,1,0,0
20171019,1017,155.86,155.95,155.78,155.937,113400,1,0,0
20171019,1018,155.93,156.22,155.805,156.19,204512,1,0,0
20171019,1019,156.18,156.21,155.877,156.06,160275,1,0,0
20171019,1020,156.07,156.2,156.05,156.088,120195,1,0,0
20171019,1021,156.08,156.11,155.92,156,220252,1,0,0
20171019,1022,155.98,156.03,155.84,155.88,84851,1,0,0
20171019,1023,155.89,156.012,155.844,155.896,66081,1,0,0
20171019,1024,155.9,155.91,155.76,155.84,139426,1,0,0
20171019,1025,155.84,155.957,155.76,155.779,76420,1,0,0
20171019,1026,155.77,155.866,155.72,155.84,82912,1,0,0
20171019,1027,155.845,155.88,155.8,155.84,86360,1,0,0
20171019,1028,155.85,155.97,155.839,155.874,79616,1,0,0
20171019,1029,155.88,156,155.84,156,89225,1,0,0
20171019,1030,156,156.03,155.86,155.874,98739,1,0,0
20171019,1031,155.87,155.899,155.75,155.783,76703,1,0,0
20171019,1032,155.782,155.897,155.65,155.72,109016,1,0,0
20171019,1033,155.72,155.79,155.65,155.69,85401,1,0,0
20171019,1034,155.69,155.74,155.66,155.71,72919,1,0,0
20171019,1035,155.7,155.75,155.65,155.74,82594,1,0,0
20171019,1036,155.74,155.78,155.575,155.577,128709,1,0,0
20171019,1037,155.579,155.66,155.51,155.532,108416,1,0,0
20171019,1038,155.53,155.64,155.505,155.62,87812,1,0,0
20171019,1039,155.628,155.77,155.62,155.695,98558,1,0,0
20171019,1040,155.69,155.77,155.64,155.715,53449,1,0,0
20171019,1041,155.72,155.77,155.7,155.71,60327,1,0,0
20171019,1042,155.71,155.835,155.67,155.74,77441,1,0,0
20171019,1043,155.747,155.77,155.68,155.768,43714,1,0,0
20171019,1044,155.76,155.91,155.72,155.84,108512,1,0,0
20171019,1045,155.84,155.88,155.775,155.85,53104,1,0,0
20171019,1046,155.84,155.87,155.81,155.85,83684,1,0,0
20171019,1047,155.847,155.89,155.73,155.81,77330,1,0,0
20171019,1048,155.805,155.805,155.72,155.79,65372,1,0,0
20171019,1049,155.784,155.83,155.77,155.8,86383,1,0,0
20171019,1050,155.81,156.03,155.79,156.017,182534,1,0,0
20171019,1051,156.013,156.03,155.921,155.93,133265,1,0,0
20171019,1052,155.93,156.04,155.86,155.987,104763,1,0,0
20171019,1053,155.98,156.06,155.96,156.02,70945,1,0,0
20171019,1054,156.025,156.06,155.94,155.97,107135,1,0,0
20171019,1055,155.972,156,155.93,155.954,93537,1,0,0
20171019,1056,155.952,155.99,155.932,155.95,46104,1,0,0
20171019,1057,155.959,155.96,155.83,155.84,97764,1,0,0
20171019,1058,155.85,155.88,155.782,155.85,59068,1,0,0
20171019,1059,155.86,155.957,155.85,155.957,85321,1,0,0
20171019,1100,155.95,155.98,155.93,155.945,68975,1,0,0
20171019,1101,155.95,155.95,155.85,155.87,60940,1,0,0
20171019,1102,155.85,155.87,155.78,155.85,78828,1,0,0
20171019,1103,155.85,155.85,155.78,155.78,70960,1,0,0
20171019,1104,155.787,155.82,155.72,155.8,88133,1,0,0
20171019,1105,155.8,155.84,155.764,155.82,96547,1,0,0
20171019,1106,155.81,155.82,155.72,155.72,113025,1,0,0
20171019,1107,155.727,155.78,155.66,155.687,92710,1,0,0
20171019,1108,155.69,155.72,155.67,155.71,47938,1,0,0
20171019,1109,155.71,155.75,155.662,155.74,108496,1,0,0
20171019,1110,155.736,155.736,155.65,155.67,47084,1,0,0
20171019,1111,155.666,155.78,155.65,155.76,59533,1,0,0
20171019,1112,155.766,155.8,155.74,155.79,38740,1,0,0
20171019,1113,155.8,155.81,155.757,155.8,84650,1,0,0
20171019,1114,155.8,155.8,155.72,155.73,54796,1,0,0
20171019,1115,155.72,155.78,155.72,155.75,33367,1,0,0
20171019,1116,155.745,155.75,155.66,155.68,48738,1,0,0
20171019,1117,155.67,155.68,155.62,155.62,55740,1,0,0
20171019,1118,155.625,155.66,155.58,155.657,69212,1,0,0
20171019,1119,155.659,155.69,155.63,155.68,52884,1,0,0
20171019,1120,155.672,155.71,155.66,155.69,54423,1,0,0
20171019,1121,155.69,155.71,155.65,155.688,60937,1,0,0
20171019,1122,155.696,155.7,155.65,155.66,43963,1,0,0
20171019,1123,155.664,155.67,155.57,155.58,71279,1,0,0
20171019,1124,155.58,155.676,155.56,155.64,49243,1,0,0
20171019,1125,155.647,155.65,155.61,155.62,55443,1,0,0
20171019,1126,155.628,155.69,155.616,155.68,56485,1,0,0
20171019,1127,155.67,155.69,155.635,155.67,57056,1,0,0
20171019,1128,155.675,155.746,155.64,155.71,65417,1,0,0
20171019,1129,155.717,155.8,155.68,155.705,66428,1,0,0
20171019,1130,155.705,155.705,155.65,155.69,41882,1,0,0
20171019,1131,155.69,155.75,155.67,155.73,82129,1,0,0
20171019,1132,155.74,155.99,155.74,155.97,168180,1,0,0
20171019,1133,155.965,156.01,155.788,155.99,101971,1,0,0
20171019,1134,155.99,156.03,155.96,156,62885,1,0,0
20171019,1135,155.99,155.99,155.85,155.89,65128,1,0,0
20171019,1136,155.9,155.96,155.888,155.95,31325,1,0,0
20171019,1137,155.95,155.99,155.94,155.98,41346,1,0,0
20171019,1138,155.98,156,155.9,155.93,51676,1,0,0
20171019,1139,155.92,155.96,155.9,155.905,40917,1,0,0
20171019,1140,155.91,155.91,155.82,155.84,65765,1,0,0
20171019,1141,155.835,155.91,155.83,155.85,46191,1,0,0
20171019,1142,155.85,155.86,155.8,155.83,36531,1,0,0
20171019,1143,155.83,155.837,155.72,155.8,77803,1,0,0
20171019,1144,155.795,155.838,155.71,155.73,44680,1,0,0
20171019,1145,155.724,155.75,155.7,155.75,58064,1,0,0
20171019,1146,155.75,155.775,155.62,155.64,81396,1,0,0
20171019,1147,155.63,155.65,155.61,155.627,45923,1,0,0
20171019,1148,155.624,155.703,155.6,155.61,53738,1,0,0
20171019,1149,155.61,155.63,155.52,155.55,111666,1,0,0
20171019,1150,155.52,155.621,155.5,155.51,53431,1,0,0
20171019,1151,155.513,155.58,155.5,155.55,137568,1,0,0
20171019,1152,155.55,155.607,155.52,155.53,56006,1,0,0
20171019,1153,155.54,155.57,155.52,155.55,64108,1,0,0
20171019,1154,155.544,155.57,155.53,155.56,33431,1,0,0
20171019,1155,155.55,155.56,155.51,155.55,49919,1,0,0
20171019,1156,155.56,155.56,155.51,155.525,43145,1,0,0
20171019,1157,155.53,155.53,155.44,155.49,193520,1,0,0
20171019,1158,155.48,155.5,155.36,155.37,106905,1,0,0
20171019,1159,155.37,155.47,155.35,155.43,90865,1,0,0
20171019,1200,155.41,155.45,155.35,155.41,82807,1,0,0
20171019,1201,155.419,155.45,155.37,155.387,54242,1,0,0
20171019,1202,155.39,155.39,155.29,155.355,113187,1,0,0
20171019,1203,155.355,155.371,155.28,155.29,74018,1,0,0
20171019,1204,155.29,155.35,155.27,155.335,91038,1,0,0
20171019,1205,155.33,155.36,155.29,155.29,56031,1,0,0
20171019,1206,155.29,155.331,155.25,155.28,85352,1,0,0
20171019,1207,155.28,155.47,155.27,155.46,155672,1,0,0
20171019,1208,155.46,155.46,155.335,155.446,128902,1,0,0
20171019,1209,155.45,155.48,155.39,155.43,96858,1,0,0
20171019,1210,155.429,155.46,155.375,155.43,59886,1,0,0
20171019,1211,155.429,155.58,155.429,155.5,140048,1,0,0
20171019,1212,155.5,155.61,155.448,155.58,93884,1,0,0
20171019,1213,155.57,155.8,155.56,155.76,175086,1,0,0
20171019,1214,155.76,155.82,155.597,155.81,146784,1,0,0
20171019,1215,155.82,155.89,155.79,155.86,132992,1,0,0
20171019,1216,155.855,155.87,155.82,155.85,46864,1,0,0
20171019,1217,155.845,155.86,155.71,155.764,91501,1,0,0
20171019,1218,155.755,155.8,155.74,155.76,49137,1,0,0
20171019,1219,155.75,155.802,155.67,155.68,69430,1,0,0
20171019,1220,155.687,155.7,155.64,155.68,50947,1,0,0
20171019,1221,155.674,155.77,155.673,155.745,51194,1,0,0
20171019,1222,155.75,155.75,155.72,155.733,37216,1,0,0
20171019,1223,155.736,155.77,155.716,155.766,50544,1,0,0
20171019,1224,155.77,155.78,155.74,155.75,56312,1,0,0
20171019,1225,155.76,155.78,155.7,155.71,106952,1,0,0
20171019,1226,155.72,155.74,155.66,155.66,76990,1,0,0
20171019,1227,155.67,155.73,155.63,155.73,46442,1,0,0
20171019,1228,155.72,155.74,155.69,155.7,35116,1,0,0
20171019,1229,155.71,155.72,155.671,155.71,37585,1,0,0
20171019,1230,155.72,155.72,155.63,155.657,45389,1,0,0
20171019,1231,155.66,155.69,155.63,155.66,36878,1,0,0
20171019,1232,155.66,155.68,155.61,155.63,48781,1,0,0
20171019,1233,155.627,155.67,155.62,155.662,47998,1,0,0
20171019,1234,155.66,155.7,155.65,155.66,39228,1,0,0
20171019,1235,155.66,155.72,155.66,155.666,46112,1,0,0
20171019,1236,155.67,155.7,155.66,155.69,44962,1,0,0
20171019,1237,155.685,155.69,155.633,155.65,25451,1,0,0
20171019,1238,155.647,155.684,155.52,155.53,67504,1,0,0
20171019,1239,155.52,155.54,155.48,155.506,86051,1,0,0
20171019,1240,155.504,155.52,155.473,155.49,41883,1,0,0
20171019,1241,155.49,155.49,155.45,155.46,47082,1,0,0
20171019,1242,155.46,155.48,155.45,155.459,32674,1,0,0
20171019,1243,155.46,155.49,155.45,155.48,72666,1,0,0
20171019,1244,155.47,155.49,155.45,155.46,28814,1,0,0
20171019,1245,155.46,155.47,155.357,155.4,71173,1,0,0
20171019,1246,155.4,155.44,155.38,155.387,30263,1,0,0
20171019,1247,155.381,155.39,155.335,155.35,57867,1,0,0
20171019,1248,155.351,155.38,155.35,155.37,34737,1,0,0
20171019,1249,155.37,155.37,155.27,155.283,73342,1,0,0
20171019,1250,155.29,155.39,155.29,155.38,52596,1,0,0
20171019,1251,155.38,155.382,155.3,155.31,48297,1,0,0
20171019,1252,155.306,155.38,155.28,155.354,164214,1,0,0
20171019,1253,155.353,155.356,155.3,155.31,34954,1,0,0
20171019,1254,155.32,155.32,155.27,155.29,64595,1,0,0
20171019,1255,155.29,155.3,155.27,155.285,53660,1,0,0
20171019,1256,155.29,155.31,155.143,155.18,229969,1,0,0
20171019,1257,155.19,155.2,155.11,155.145,112052,1,0,0
20171019,1258,155.145,155.15,155.05,155.066,149190,1,0,0
20171019,1259,155.07,155.09,155.05,155.07,144593,1,0,0
20171019,1300,155.065,155.09,155.03,155.05,93626,1,0,0
20171019,1301,155.069,155.07,155.03,155.04,89060,1,0,0
20171019,1302,155.04,155.08,155.025,155.054,141936,1,0,0
20171019,1303,155.055,155.17,155.05,155.144,94967,1,0,0
20171019,1304,155.145,155.15,155.08,155.13,77167,1,0,0
20171019,1305,155.13,155.15,155.105,155.115,60183,1,0,0
20171019,1306,155.111,155.14,155.11,155.12,38752,1,0,0
20171019,1307,155.12,155.13,155.02,155.06,84081,1,0,0
20171019,1308,155.06,155.12,155.04,155.086,59444,1,0,0
20171019,1309,155.08,155.3,155.08,155.3,111574,1,0,0
20171019,1310,155.285,155.35,155.28,155.333,74997,1,0,0
20171019,1311,155.335,155.34,155.3,155.308,45338,1,0,0
20171019,1312,155.31,155.33,155.25,155.275,50766,1,0,0
20171019,1313,155.275,155.32,155.26,155.31,36247,1,0,0
20171019,1314,155.305,155.32,155.27,155.29,29679,1,0,0
20171019,1315,155.28,155.3,155.25,155.255,26009,1,0,0
20171019,1316,155.26,155.26,155.2,155.25,68268,1,0,0
20171019,1317,155.26,155.28,155.25,155.27,39582,1,0,0
20171019,1318,155.28,155.32,155.267,155.29,46322,1,0,0
20171019,1319,155.287,155.39,155.271,155.38,52148,1,0,0
20171019,1320,155.38,155.42,155.27,155.29,72967,1,0,0
20171019,1321,155.28,155.31,155.25,155.259,36234,1,0,0
20171019,1322,155.254,155.29,155.25,155.286,41179,1,0,0
20171019,1323,155.285,155.29,155.26,155.275,27251,1,0,0
20171019,1324,155.275,155.28,155.25,155.259,24531,1,0,0
20171019,1325,155.259,155.27,155.23,155.264,47915,1,0,0
20171019,1326,155.265,155.39,155.25,155.375,100618,1,0,0
20171019,1327,155.375,155.39,155.33,155.335,52347,1,0,0
20171019,1328,155.335,155.34,155.28,155.339,35411,1,0,0
20171019,1329,155.34,155.38,155.339,155.356,39290,1,0,0
20171019,1330,155.35,155.39,155.33,155.335,42588,1,0,0
20171019,1331,155.335,155.36,155.32,155.36,44971,1,0,0
20171019,1332,155.354,155.38,155.3,155.305,85006,1,0,0
20171019,1333,155.317,155.34,155.31,155.327,55608,1,0,0
20171019,1334,155.33,155.33,155.3,155.33,37891,1,0,0
20171019,1335,155.324,155.43,155.3,155.425,37520,1,0,0
20171019,1336,155.43,155.44,155.39,155.41,46666,1,0,0
20171019,1337,155.42,155.42,155.41,155.42,33793,1,0,0
20171019,1338,155.41,155.54,155.41,155.515,122270,1,0,0
20171019,1339,155.513,155.58,155.5,155.56,60652,1,0,0
20171019,1340,155.555,155.68,155.555,155.65,92696,1,0,0
20171019,1341,155.654,155.67,155.61,155.67,46081,1,0,0
20171019,1342,155.67,155.842,155.652,155.79,141078,1,0,0
20171019,1343,155.79,155.82,155.75,155.76,71279,1,0,0
20171019,1344,155.76,155.78,155.713,155.77,55037,1,0,0
20171019,1345,155.78,155.8,155.77,155.78,57758,1,0,0
20171019,1346,155.775,155.78,155.71,155.718,37333,1,0,0
20171019,1347,155.715,155.717,155.62,155.63,46583,1,0,0
20171019,1348,155.64,155.64,155.57,155.61,40189,1,0,0
20171019,1349,155.61,155.65,155.6,155.65,24912,1,0,0
20171019,1350,155.65,155.67,155.63,155.64,51223,1,0,0
20171019,1351,155.639,155.64,155.56,155.57,47766,1,0,0
20171019,1352,155.569,155.64,155.53,155.55,60373,1,0,0
20171019,1353,155.567,155.57,155.51,155.515,49055,1,0,0
20171019,1354,155.52,155.57,155.48,155.565,54680,1,0,0
20171019,1355,155.562,155.57,155.52,155.52,22528,1,0,0
20171019,1356,155.51,155.55,155.46,155.47,42558,1,0,0
20171019,1357,155.461,155.48,155.44,155.47,67644,1,0,0
20171019,1358,155.47,155.485,155.46,155.479,32280,1,0,0
20171019,1359,155.479,155.479,155.46,155.47,21199,1,0,0
20171019,1400,155.47,155.48,155.44,155.47,26479,1,0,0
20171019,1401,155.46,155.47,155.39,155.42,67988,1,0,0
20171019,1402,155.42,155.46,155.396,155.43,61840,1,0,0
20171019,1403,155.42,155.5,155.409,155.46,46013,1,0,0
20171019,1404,155.458,155.52,155.45,155.455,30533,1,0,0
20171019,1405,155.45,155.499,155.45,155.46,31332,1,0,0
20171019,1406,155.456,155.47,155.39,155.393,44632,1,0,0
20171019,1407,155.39,155.4,155.35,155.38,36888,1,0,0
20171019,1408,155.375,155.39,155.33,155.36,49189,1,0,0
20171019,1409,155.355,155.41,155.35,155.37,42652,1,0,0
20171019,1410,155.37,155.38,155.35,155.367,29836,1,0,0
20171019,1411,155.367,155.389,155.36,155.37,27500,1,0,0
20171019,1412,155.376,155.38,155.36,155.36,38195,1,0,0
20171019,1413,155.37,155.39,155.36,155.374,25875,1,0,0
20171019,1414,155.37,155.44,155.37,155.44,49595,1,0,0
20171019,1415,155.435,155.44,155.4,155.406,31064,1,0,0
20171019,1416,155.405,155.42,155.36,155.369,52874,1,0,0
20171019,1417,155.365,155.369,155.28,155.29,64474,1,0,0
20171019,1418,155.28,155.31,155.27,155.278,32763,1,0,0
20171019,1419,155.282,155.3,155.27,155.281,29664,1,0,0
20171019,1420,155.29,155.29,155.26,155.276,33525,1,0,0
20171019,1421,155.28,155.29,155.27,155.29,23991,1,0,0
20171019,1422,155.28,155.3,155.28,155.288,39502,1,0,0
20171019,1423,155.3,155.3,155.26,155.271,30707,1,0,0
20171019,1424,155.275,155.295,155.26,155.288,37163,1,0,0
20171019,1425,155.28,155.29,155.22,155.23,62846,1,0,0
20171019,1426,155.237,155.25,155.178,155.195,57918,1,0,0
20171019,1427,155.19,155.23,155.181,155.21,41875,1,0,0
20171019,1428,155.21,155.28,155.18,155.27,50525,1,0,0
20171019,1429,155.269,155.27,155.19,155.196,30623,1,0,0
20171019,1430,155.193,155.22,155.156,155.216,27767,1,0,0
20171019,1431,155.22,155.25,155.177,155.25,36231,1,0,0
20171019,1432,155.255,155.27,155.235,155.26,32792,1,0,0
20171019,1433,155.265,155.329,155.258,155.276,67746,1,0,0
20171019,1434,155.28,155.3,155.26,155.26,47838,1,0,0
20171019,1435,155.265,155.34,155.26,155.32,60276,1,0,0
20171019,1436,155.324,155.34,155.31,155.327,50602,1,0,0
20171019,1437,155.33,155.42,155.32,155.409,57993,1,0,0
20171019,1438,155.41,155.47,155.4,155.42,75796,1,0,0
20171019,1439,155.426,155.49,155.4,155.49,61138,1,0,0
20171019,1440,155.49,155.53,155.48,155.501,52729,1,0,0
20171019,1441,155.51,155.513,155.47,155.507,57521,1,0,0
20171019,1442,155.505,155.566,155.45,155.545,76499,1,0,0
20171019,1443,155.544,155.59,155.515,155.53,55147,1,0,0
20171019,1444,155.52,155.55,155.5,155.54,48076,1,0,0
20171019,1445,155.54,155.559,155.53,155.549,44262,1,0,0
20171019,1446,155.54,155.55,155.5,155.53,49160,1,0,0
20171019,1447,155.53,155.54,155.5,155.5,30533,1,0,0
20171019,1448,155.51,155.52,155.5,155.503,35080,1,0,0
20171019,1449,155.5,155.509,155.43,155.47,71602,1,0,0
20171019,1450,155.475,155.48,155.4,155.42,45912,1,0,0
20171019,1451,155.419,155.49,155.41,155.47,43114,1,0,0
20171019,1452,155.48,155.495,155.439,155.478,67142,1,0,0
20171019,1453,155.477,155.48,155.45,155.46,39483,1,0,0
20171019,1454,155.46,155.48,155.45,155.46,38666,1,0,0
20171019,1455,155.469,155.47,155.43,155.435,33142,1,0,0
20171019,1456,155.44,155.47,155.413,155.42,36325,1,0,0
20171019,1457,155.42,155.456,155.4,155.4,46231,1,0,0
20171019,1458,155.4,155.42,155.37,155.39,55838,1,0,0
20171019,1459,155.39,155.48,155.385,155.475,37399,1,0,0
20171019,1500,155.48,155.6,155.47,155.6,102278,1,0,0
20171019,1501,155.59,155.6,155.55,155.6,64554,1,0,0
20171019,1502,155.59,155.68,155.58,155.68,98467,1,0,0
20171019,1503,155.67,155.75,155.67,155.74,106734,1,0,0
20171019,1504,155.734,155.75,155.673,155.74,69386,1,0,0
20171019,1505,155.73,155.74,155.68,155.684,43758,1,0,0
20171019,1506,155.682,155.69,155.61,155.61,71619,1,0,0
20171019,1507,155.614,155.63,155.6,155.61,45655,1,0,0
20171019,1508,155.617,155.65,155.611,155.64,57666,1,0,0
20171019,1509,155.64,155.65,155.587,155.629,29538,1,0,0
20171019,1510,155.62,155.66,155.62,155.64,48538,1,0,0
20171019,1511,155.649,155.66,155.62,155.62,55982,1,0,0
20171019,1512,155.63,155.72,155.62,155.719,82553,1,0,0
20171019,1513,155.71,155.75,155.69,155.71,41394,1,0,0
20171019,1514,155.72,155.72,155.669,155.7,43714,1,0,0
20171019,1515,155.695,155.76,155.695,155.76,51170,1,0,0
20171019,1516,155.76,155.789,155.726,155.789,62802,1,0,0
20171019,1517,155.78,155.84,155.78,155.836,48755,1,0,0
20171019,1518,155.83,155.88,155.83,155.86,98409,1,0,0
20171019,1519,155.86,156,155.86,155.97,161539,1,0,0
20171019,1520,155.969,155.99,155.887,155.94,94008,1,0,0
20171019,1521,155.95,155.95,155.83,155.835,134066,1,0,0
20171019,1522,155.836,155.867,155.79,155.84,83943,1,0,0
20171019,1523,155.85,155.9,155.815,155.9,57185,1,0,0
20171019,1524,155.91,155.92,155.871,155.88,68334,1,0,0
20171019,1525,155.89,155.95,155.89,155.938,44460,1,0,0
20171019,1526,155.937,155.95,155.93,155.949,31732,1,0,0
20171019,1527,155.95,155.96,155.93,155.94,54972,1,0,0
20171019,1528,155.94,155.96,155.93,155.935,57006,1,0,0
20171019,1529,155.94,155.94,155.91,155.913,60567,1,0,0
20171019,1530,155.918,155.93,155.88,155.91,70982,1,0,0
20171019,1531,155.91,155.92,155.87,155.88,56697,1,0,0
20171019,1532,155.87,155.92,155.87,155.899,48340,1,0,0
20171019,1533,155.896,155.95,155.88,155.946,73998,1,0,0
20171019,1534,155.95,155.95,155.89,155.89,59120,1,0,0
20171019,1535,155.89,155.937,155.82,155.82,86621,1,0,0
20171019,1536,155.831,155.84,155.76,155.82,130656,1,0,0
20171019,1537,155.819,155.83,155.73,155.75,89583,1,0,0
20171019,1538,155.745,155.785,155.728,155.73,41422,1,0,0
20171019,1539,155.73,155.774,155.62,155.65,90904,1,0,0
20171019,1540,155.65,155.66,155.62,155.636,60978,1,0,0
20171019,1541,155.64,155.67,155.63,155.654,88573,1,0,0
20171019,1542,155.654,155.66,155.62,155.64,59953,1,0,0
20171019,1543,155.649,155.65,155.53,155.53,111419,1,0,0
20171019,1544,155.525,155.62,155.516,155.569,183521,1,0,0
20171019,1545,155.561,155.58,155.53,155.56,117314,1,0,0
20171019,1546,155.557,155.624,155.55,155.581,127830,1,0,0
20171019,1547,155.587,155.6,155.54,155.59,100845,1,0,0
20171019,1548,155.59,155.6,155.55,155.58,86533,1,0,0
20171019,1549,155.586,155.61,155.58,155.59,114248,1,0,0
20171019,1550,155.59,155.89,155.59,155.87,290766,1,0,0
20171019,1551,155.88,155.89,155.8,155.8,133839,1,0,0
20171019,1552,155.81,155.82,155.79,155.8,104001,1,0,0
20171019,1553,155.81,155.87,155.8,155.86,142210,1,0,0
20171019,1554,155.87,155.92,155.86,155.9,151108,1,0,0
20171019,1555,155.91,155.97,155.9,155.939,164360,1,0,0
20171019,1556,155.94,155.95,155.9,155.94,157220,1,0,0
20171019,1557,155.94,155.95,155.87,155.879,151614,1,0,0
20171019,1558,155.88,155.95,155.87,155.93,266917,1,0,0
20171019,1559,155.94,156.02,155.9,155.98,401084,1,0,0
20171019,1600,155.98,156.395,155.92,156.395,8.27862e+06,1,0,0
20171019,1601,155.92,156,155.92,156,863,1,0,0
20171019,1602,156,156.09,156,156.07,1764,1,0,0
20171019,1603,156.05,156.07,156,156.02,15802,1,0,0
20171019,1604,156,156.02,156,156.02,1144,1,0,0
20171019,1605,156.02,156.02,155.94,156.02,447,1,0,0
20171019,1606,156.02,156.02,155.98,155.98,739,1,0,0
20171019,1607,155.99,156.03,155.95,156.03,2066,1,0,0
20171019,1608,155.99,156.05,155.99,156.05,15,1,0,0
20171019,1609,156.05,156.05,155.99,156,76,1,0,0
20171019,1610,155.99,155.99,155.95,155.98,1342,1,0,0
20171019,1611,155.98,155.98,155.95,155.95,716,1,0,0
20171019,1612,155.25,155.98,155.25,155.98,7107,1,0,0
20171019,1613,155.99,155.99,155.99,155.99,431,1,0,0
20171019,1614,155.99,155.99,155.781,155.98,1750,1,0,0
20171019,1615,155.99,155.99,155.95,155.95,1315,1,0,0
20171019,1616,155.97,155.98,155.95,155.95,373,1,0,0
20171019,1617,155.98,155.99,155.808,155.808,143,1,0,0
20171019,1618,155.98,155.99,155.95,155.99,521,1,0,0
20171019,1619,155.95,155.99,155.95,155.99,355,1,0,0
20171019,1620,155.97,155.99,155.97,155.97,905,1,0,0
20171019,1621,155.99,155.99,155.99,155.99,246,1,0,0
20171019,1622,155.99,156,155.98,155.98,2144,1,0,0
20171019,1623,155.99,156.01,155.99,156.01,206,1,0,0
20171019,1624,155.98,156.01,155.98,155.98,659,1,0,0
20171019,1625,155.98,156.01,155.98,156.01,811,1,0,0
20171019,1626,155.98,155.98,155.98,155.98,90947,1,0,0
20171019,1627,155.98,156.02,155.98,155.98,697,1,0,0
20171019,1628,155.98,156,155.98,155.98,3519,1,0,0
20171019,1629,155.99,155.99,155.98,155.99,1970,1,0,0
20171019,1630,155.99,155.99,155.98,155.98,8,1,0,0
20171019,1631,155.98,155.99,155.98,155.99,555,1,0,0
20171019,1633,155.98,156.01,155.98,156.01,1238,1,0,0
20171019,1634,156.01,156.01,156.01,156.01,7,1,0,0
20171019,1635,156,156,156,156,215,1,0,0
20171019,1636,156.01,156.01,155.95,155.95,1728,1,0,0
20171019,1637,156,156,155.95,155.95,192,1,0,0
20171019,1638,155.95,156,155.95,156,282,1,0,0
20171019,1640,156,156,155.96,155.98,82,1,0,0
20171019,1641,155.98,155.99,155.98,155.99,180,1,0,0
20171019,1642,155.98,155.99,155.98,155.99,30,1,0,0
20171019,1643,155.96,155.99,155.96,155.99,249,1,0,0
20171019,1644,155.99,155.99,155.99,155.99,17,1,0,0
20171019,1645,155.99,155.99,155.96,155.96,155,1,0,0
20171019,1646,155.99,156,155.96,156,525,1,0,0
20171019,1647,156,156,155.96,155.96,7296,1,0,0
20171019,1648,155.96,156.01,155.96,155.96,85,1,0,0
20171019,1649,155.98,156.01,155.98,156.01,6296,1,0,0
20171019,1650,156.01,156.01,156.01,156.01,5,1,0,0
20171019,1651,156.01,156.01,156.01,156.01,7,1,0,0
20171019,1652,156.01,156.01,155.98,155.98,46,1,0,0
20171019,1655,156.01,156.01,156,156.01,552,1,0,0
20171019,1656,156.01,156.01,156,156,17,1,0,0
20171019,1657,156.01,156.01,156.01,156.01,5,1,0,0
20171019,1658,156.01,156.01,156.01,156.01,5,1,0,0
20171019,1659,156.01,156.01,156.01,156.01,306,1,0,0
20171019,1700,156,156.01,155.95,155.96,3098,1,0,0
20171019,1701,155.95,155.95,155.94,155.94,1396,1,0,0
20171019,1702,155.95,155.95,155.89,155.89,262,1,0,0
20171019,1703,155.95,155.95,155.89,155.89,1035,1,0,0
20171019,1704,155.92,155.95,155.92,155.95,100,1,0,0
20171019,1705,155.93,155.95,155.93,155.95,437,1,0,0
20171019,1706,155.95,155.95,155.95,155.95,36,1,0,0
20171019,1707,155.9,155.93,155.9,155.93,2,1,0,0
20171019,1708,155.92,155.92,155.91,155.91,764,1,0,0
20171019,1709,155.95,155.95,155.91,155.91,41,1,0,0
20171019,1710,155.91,155.93,155.91,155.93,101,1,0,0
20171019,1711,155.95,155.95,155.93,155.93,1373,1,0,0
20171019,1712,155.95,155.98,155.93,155.98,268,1,0,0
20171019,1713,155.99,155.99,155.99,155.99,1900,1,0,0
20171019,1714,155.99,155.99,155.96,155.96,213,1,0,0
20171019,1715,155.96,155.96,155.96,155.96,20,1,0,0
20171019,1716,155.95,155.95,155.95,155.95,1,1,0,0
20171019,1717,155.98,156.06,155.94,155.94,6059,1,0,0
20171019,1718,156.03,156.03,155.94,156.02,12,1,0,0
20171019,1719,156,156,155.91,155.92,938,1,0,0
20171019,1721,155.92,155.92,155.91,155.91,800,1,0,0
20171019,1722,155.95,155.95,155.92,155.95,560,1,0,0
20171019,1723,155.92,155.94,155.91,155.92,1790,1,0,0
20171019,1724,155.92,155.94,155.91,155.94,842,1,0,0
20171019,1725,155.93,155.94,155.91,155.94,3803,1,0,0
20171019,1726,155.91,155.92,155.89,155.9,300,1,0,0
20171019,1727,155.9,155.9,155.89,155.89,2320,1,0,0
20171019,1728,155.9,155.98,155.89,155.98,17272,1,0,0
20171019,1729,155.93,155.93,155.9,155.9,75,1,0,0
20171019,1730,155.9,155.9,155.9,155.9,1002,1,0,0
20171019,1731,155.9,155.9,155.9,155.9,3,1,0,0
20171019,1732,155.9,155.91,155.9,155.9,370,1,0,0
20171019,1733,155.89,155.9,155.85,155.85,1624,1,0,0
20171019,1734,155.85,155.85,155.81,155.85,226,1,0,0
20171019,1735,155.85,155.85,155.85,155.85,100,1,0,0
20171019,1736,155.81,155.81,155.81,155.81,500,1,0,0
20171019,1737,155.85,155.85,155.83,155.83,58,1,0,0
20171019,1738,155.81,155.81,155.81,155.81,2000,1,0,0
20171019,1739,155.83,155.83,155.75,155.75,2000,1,0,0
20171019,1740,155.85,155.85,155.85,155.85,24,1,0,0
20171019,1742,155.85,155.85,155.85,155.85,24,1,0,0
20171019,1743,155.85,155.85,155.85,155.85,90,1,0,0
20171019,1744,155.8,155.8,155.8,155.8,411,1,0,0
20171019,1745,155.8,155.8,155.76,155.76,447,1,0,0
20171019,1746,155.76,155.76,155.75,155.75,270,1,0,0
20171019,1747,155.7,155.8,155.7,155.8,663,1,0,0
20171019,1748,155.7,155.75,155.7,155.75,102,1,0,0
20171019,1750,155.75,155.75,155.75,155.75,63,1,0,0
20171019,1751,155.7,155.75,155.7,155.71,271,1,0,0
20171019,1752,155.75,155.75,155.71,155.71,28,1,0,0
20171019,1753,155.71,155.75,155.71,155.75,161,1,0,0
20171019,1754,155.71,155.75,155.71,155.75,360,1,0,0
20171019,1755,155.75,155.75,155.75,155.75,95,1,0,0
20171019,1756,155.75,155.76,155.75,155.76,150,1,0,0
20171019,1757,155.75,155.75,155.75,155.75,27,1,0,0
20171019,1759,155.75,155.76,155.75,155.76,394,1,0,0
20171019,1803,155.74,155.75,155.7,155.7,708,1,0,0
20171019,1804,155.7,155.7,155.7,155.7,1292,1,0,0
20171019,1806,155.7,155.7,155.7,155.7,1,1,0,0
20171019,1807,155.7,155.7,155.69,155.7,149,1,0,0
20171019,1808,155.69,155.69,155.68,155.68,90,1,0,0
20171019,1811,155.67,155.7,155.67,155.67,218,1,0,0
20171019,1812,155.67,155.67,155.67,155.67,250,1,0,0
20171019,1813,155.67,155.67,155.67,155.67,250,1,0,0
20171019,1814,155.67,155.98,155.67,155.98,149985,1,0,0
20171019,1815,155.67,155.67,155.67,155.67,2000,1,0,0
20171019,1816,155.76,155.76,155.76,155.76,100,1,0,0
20171019,1817,155.7,155.7,155.7,155.7,60,1,0,0
20171019,1818,155.7,155.7,155.64,155.64,460,1,0,0
20171019,1819,155.64,155.64,155.63,155.63,60,1,0,0
20171019,1820,155.63,155.63,155.63,155.63,100,1,0,0
20171019,1821,155.6,155.6,155.6,155.6,56,1,0,0
20171019,1822,155.59,155.59,155.59,155.59,50,1,0,0
20171019,1823,155.62,155.62,155.59,155.62,703,1,0,0
20171019,1824,155.63,155.63,155.6,155.6,95,1,0,0
20171019,1825,155.61,155.62,155.61,155.62,3809,1,0,0
20171019,1826,155.59,155.62,155.55,155.59,2570,1,0,0
20171019,1827,155.55,155.62,155.53,155.62,1025,1,0,0
20171019,1828,155.59,155.6,155.59,155.6,390,1,0,0
20171019,1829,155.6,155.6,155.6,155.6,110,1,0,0
20171019,1830,155.6,155.6,155.6,155.6,1150,1,0,0
20171019,1832,155.54,155.54,155.52,155.52,1144,1,0,0
20171019,1833,155.51,155.51,155.5,155.5,2700,1,0,0
20171019,1834,155.5,155.56,155.5,155.56,385,1,0,0
20171019,1836,155.55,155.55,155.54,155.54,2900,1,0,0
20171019,1838,155.5,155.5,155.5,155.5,1094,1,0,0
20171019,1840,155.45,155.45,155.41,155.41,50,1,0,0
20171019,1841,155.52,155.52,155.49,155.49,200,1,0,0
20171019,1842,155.41,155.41,155.41,155.41,351,1,0,0
20171019,1845,155.41,155.41,155.41,155.41,100,1,0,0
20171019,1846,155.45,155.45,155.45,155.45,25,1,0,0
20171019,1847,155.5,155.5,155.5,155.5,100,1,0,0
20171019,1849,155.5,155.5,155.5,155.5,96,1,0,0
20171019,1850,155.53,155.54,155.5,155.5,4395,1,0,0
20171019,1853,155.6,155.6,155.6,155.6,300,1,0,0
20171019,1854,155.6,155.64,155.6,155.64,1330,1,0,0
20171019,1855,155.64,155.74,155.64,155.74,100,1,0,0
20171019,1856,155.79,155.8,155.79,155.8,100,1,0,0
20171019,1858,155.64,155.64,155.6,155.6,600,1,0,0
20171019,1859,155.63,155.63,155.6,155.6,721,1,0,0
20171019,1901,155.6,155.6,155.6,155.6,4,1,0,0
20171019,1903,155.56,155.56,155.56,155.56,188,1,0,0
20171019,1905,155.56,155.56,155.56,155.56,349,1,0,0
20171019,1906,155.59,155.59,155.59,155.59,60,1,0,0
20171019,1907,155.56,155.56,155.56,155.56,100,1,0,0
20171019,1908,155.56,155.56,155.52,155.52,465,1,0,0
20171019,1909,155.55,155.55,155.55,155.55,100,1,0,0
20171019,1912,155.6,155.6,155.54,155.55,705,1,0,0
20171019,1913,155.55,155.55,155.54,155.55,150,1,0,0
20171019,1914,155.54,155.75,155.54,155.75,95,1,0,0
20171019,1916,155.55,155.75,155.55,155.75,70,1,0,0
20171019,1917,155.7,155.7,155.55,155.55,370,1,0,0
20171019,1918,155.55,155.55,155.55,155.55,111,1,0,0
20171019,1919,155.55,155.55,155.53,155.53,300,1,0,0
20171019,1921,155.68,155.68,155.68,155.68,6,1,0,0
20171019,1922,155.68,155.68,155.68,155.68,1,1,0,0
20171019,1924,155.55,155.68,155.55,155.55,1590,1,0,0
20171019,1925,155.53,155.65,155.53,155.65,300,1,0,0
20171019,1926,155.65,155.65,155.65,155.65,35,1,0,0
20171019,1928,155.65,155.65,155.65,155.65,72,1,0,0
20171019,1930,155.6,155.6,155.6,155.6,1,1,0,0
20171019,1931,155.6,155.6,155.6,155.6,26,1,0,0
20171019,1932,155.6,155.6,155.6,155.6,3,1,0,0
20171019,1935,155.55,155.55,155.55,155.55,300,1,0,0
20171019,1937,155.55,155.55,155.55,155.55,200,1,0,0
20171019,1938,155.55,155.56,155.55,155.55,500,1,0,0
20171019,1939,155.59,155.59,155.55,155.55,300,1,0,0
20171019,1940,155.59,155.59,155.59,155.59,60,1,0,0
20171019,1941,155.55,155.55,155.53,155.53,350,1,0,0
20171019,1944,155.57,155.57,155.57,155.57,350,1,0,0
20171019,1946,155.57,155.57,155.57,155.57,1000,1,0,0
20171019,1948,155.57,155.57,155.55,155.55,200,1,0,0
20171019,1951,155.56,155.59,155.56,155.59,400,1,0,0
20171019,1952,155.57,155.59,155.57,155.57,1209,1,0,0
20171019,1954,155.57,155.57,155.57,155.57,131,1,0,0
20171019,1955,155.56,155.59,155.56,155.59,1110,1,0,0
20171019,1956,155.57,155.57,155.57,155.57,69,1,0,0
20171019,1957,155.57,155.6,155.56,155.6,300,1,0,0
20171019,1959,155.6,155.6,155.6,155.6,347,1,0,0
